133388,nightly-2024-11-22
131535,nightly-2024-10-11
127746,nightly-2024-07-13
125843,nightly-2024-05-31
125512,nightly-2024-05-24,RUSTFLAGS="-Zunstable-options"
123461,nightly-2024-04-02
123092,nightly-2024-03-25
122989,nightly-2024-03-24
122861,nightly-2024-03-22,RUSTFLAGS="-Znext-solver=coherence"
121512,nightly-2024-02-23
120648,nightly-2024-01-19
117829,nightly-2023-11-12
117802,nightly-2023-11-08
117628,nightly-2023-11-05
117489,nightly-2023-10-31
116877,nightly-2023-10-17,RUSTFLAGS="--cfg sized"
113689,nightly-2023-07-13
113594,nightly-2023-07-10
112250,nightly-2023-05-31
111906,nightly-2023-08-19
110726,nightly-2023-04-22
110623,nightly-2023-04-19
103599,nightly-2022-10-25
97099,nightly-2022-05-15
96572,nightly-2022-04-29
102333,nightly-2022-09-21
114664,nightly-2023-08-08,RUSTFLAGS="-Zunpretty=hir"
103771,nightly-2022-10-27
99914,nightly-2022-07-27
128601,nightly-2024-08-03,RUSTFLAGS="-Zpolymorphize=on -Zinline-mir=yes"
119064,nightly-2023-12-10,RUSTFLAGS="-Zinline-mir -Zcross-crate-inline-threshold=always -Zinline-mir-hint-threshold=10000 -Zinline-mir-threshold=10000"
118992,nightly-2023-12-15,RUSTFLAGS="-Zmir-opt-level=1 -Zmir-enable-passes=+GVN -Zinline-mir"
118990,nightly-2022-08-26,RUSTFLAGS="-Zvalidate-mir"
116291,nightly-2023-09-29,RUSTFLAGS="-Zmir-opt-level=0 -Zmir-enable-passes=+Inline"
116079,nightly-2023-09-21,RUSTFLAGS="-Zvalidate-mir -Zdrop-tracking-mir=yes"
98821,nightly-2022-07-03,RUSTFLAGS="-Zmir-opt-level=3"
93646,nightly-2022-02-03
133064,nightly-2024-11-15
131915,nightly-2024-10-19
129075,nightly-2024-08-13,RUSTFLAGS="-Zvalidate-mir -Zinline-mir=yes"
128810,nightly-2024-08-06
128717,nightly-2024-08-05
125881,nightly-2024-06-01,RUSTFLAGS="-Zcrate-attr=feature(effects)"
125767,nightly-2024-05-30
125655,nightly-2024-05-27
125432,nightly-2024-05-22
123899,nightly-2024-04-13
123863,nightly-2024-04-12
123457,nightly-2024-04-02
123414,nightly-2024-04-02
123152,nightly-2024-03-27
121722,nightly-2024-02-27
121613,nightly-2024-02-25
121457,nightly-2024-02-22
121431,nightly-2024-02-22
121414,nightly-2024-02-22
121151,nightly-2024-02-15
121134,nightly-2024-02-15
121103,nightly-2024-02-15
120421,nightly-2024-01-27,RUSTFLAGS="-Zlint-mir"
118144,nightly-2023-11-21
118021,nightly-2023-11-17
117789,nightly-2023-11-10
117761,nightly-2023-11-08,RUSTFLAGS="-Copt-level=0 -Zmir-opt-level=2 -Zinline-mir -Zmir-enable-passes=+GVN"
117362,nightly-2023-10-30,RUSTFLAGS="-Zmir-opt-level=5"
115789,nightly-2023-09-13,RUSTFLAGS="-Zmir-opt-level=3"
114907,nightly-2022-06-08
113794,nightly-2023-07-16
112604,nightly-2023-06-12
104843,nightly-2022-10-20,--release
104736,nightly-2023-08-03,RUSTFLAGS="-Zvalidate-mir -Zmir-opt-level=3 -Zprint-mono-items=eager"
97378,nightly-2022-05-23
92893,nightly-2022-01-13
134246,nightly-2024-12-14,RUSTFLAGS="-Zunpretty=stable-mir"
133117,nightly-2024-11-15
133063,nightly-2024-11-15
132120,nightly-2024-10-15
128097,nightly-2024-07-22
123906,nightly-2024-04-13
123077,nightly-2024-03-25
110892,nightly-2023-04-26
110887,nightly-2023-04-26
109296,nightly-2023-03-17
108952,nightly-2023-03-08
108329,nightly-2023-02-20
108271,nightly-2023-02-19
107898,nightly-2023-02-09
106240,nightly-2022-12-28
105608,nightly-2022-12-11
105205,nightly-2022-12-02
104312,nightly-2021-04-26
103899,nightly-2022-11-01
103790,nightly-2022-10-27
100187,nightly-2022-08-06
132372,nightly-2024-10-30
127781,nightly-2024-07-14
126079,nightly-2024-06-07
123279,nightly-2024-02-06
122859,nightly-2024-03-20
122622,nightly-2024-03-16
122230,nightly-2024-03-07
118876,nightly-2022-08-10
117602,nightly-2023-11-04
114728,nightly-2022-03-31
113971,nightly-2023-07-23
113796,nightly-2023-07-16
113619,nightly-2023-06-11
113278,nightly-2023-07-02
111935,nightly-2023-05-24
107426,nightly-2022-09-26
105787,nightly-2022-12-16
105782,nightly-2022-12-15
105498,nightly-2022-12-09
105401,nightly-2022-12-05
105251,nightly-2022-12-03
104764,nightly-2022-11-22
104763,nightly-2022-11-22
104025,nightly-2022-11-05
104005,nightly-2022-11-04
99793,nightly-2022-07-25
99490,nightly-2022-07-19
98852,nightly-2022-07-01
98543,nightly-2022-06-25
97104,nightly-2022-05-16
96564,nightly-2022-04-28
96460,nightly-2022-04-26
95186,nightly-2022-03-21
93841,nightly-2022-02-09
93794,nightly-2022-02-09
114061,nightly-2023-07-24
112124,nightly-2023-05-29
107883,nightly-2023-02-09
99705,nightly-2022-07-21
119564,nightly-2024-01-04
116794,nightly-2023-10-15
114597,nightly-2023-08-07
110933,nightly-2023-04-27
110931,nightly-2023-04-27
106567,nightly-2023-01-07
104639,nightly-2022-11-19
103330,nightly-2022-10-19
101951,nightly-2022-08-10
98117,nightly-2022-06-14
97405,nightly-2022-05-24
96540,nightly-2022-04-29
93911,nightly-2022-02-10
133222,nightly-2024-11-16
99566,nightly-2022-07-18
129811,nightly-2024-08-29
121094,nightly-2024-02-13,--release
121643,nightly-2024-02-26
112225,nightly-2023-06-02
109892,nightly-2023-04-02
92984,nightly-2022-01-11
129286,nightly-2024-08-19
129285,nightly-2024-08-19
117986,nightly-2023-11-15
112560,nightly-2023-06-11
106419,nightly-2023-01-02
105037,nightly-2022-11-27