instance_id,base_commit,buggy_modules,buggy_files,scope_status
100193,908ad66ea64ef84014d3ea9f2f3b62ed3968b9e3,gcc/fortran,"gcc/fortran/interface.cc,gcc/fortran/resolve.cc,gcc/fortran/trans-array.cc,gcc/fortran/trans-expr.cc",method_localizable_gcc
100589,ff505948631713d8c62523005059b10e25343617,gcc/cp,gcc/cp/decl.cc,method_localizable_gcc
101366,0235b6d41ace62064d5cd42553028136b49ad947,gcc/config,gcc/config/i386/x86-tune-costs.h,method_localizable_gcc
101460,a7083b83e45852540a4a09ee11b74dc28d777399,gcc/cp,"gcc/cp/constexpr.c,gcc/cp/cp-tree.h,gcc/cp/pt.c",method_localizable_gcc
101480,c25c172959e7fb424455ee6acc60571c68b72443,"gcc/c-family,gcc/doc,gcc/root","gcc/c-family/c.opt,gcc/doc/invoke.texi,gcc/gimple.cc,gcc/ipa-inline-transform.cc",method_localizable_gcc
101577,71355700432b15590123dc13833304c75ad8a0b6,gcc/fortran,gcc/fortran/symbol.cc,method_localizable_gcc
101735,83aa09e90487b52c1772eeffc4af577ee70536f1,gcc/fortran,"gcc/fortran/expr.cc,gcc/fortran/primary.cc",method_localizable_gcc
101950,c04d766942274da89b236c4cb7e954b26da397c7,gcc/root,gcc/optabs.c,method_localizable_gcc
102216,5e9b973bd60185f221222022f56db7df3d92250e,gcc/root,gcc/gimple-fold.c,method_localizable_gcc
102674,2a9fdf4dcd86010a0d847b42aaed82289df386ea,gcc/root,gcc/builtins.cc,method_localizable_gcc
103750,8d745f6d70172132a594dcc650a6d489e7246eda,gcc/config,"gcc/config/i386/i386.cc,gcc/config/i386/sse.md",method_localizable_gcc
104139,45cae5b6392496028f35c5948f7fae0af81d135b,gcc/cp,gcc/cp/class.cc,method_localizable_gcc
104620,fb488cba571539b6644e8f99f1dd997cdb4c82c1,gcc/cp,"gcc/cp/call.cc,gcc/cp/constexpr.cc,gcc/cp/cp-tree.h,gcc/cp/pt.cc",method_localizable_gcc
105152,908ad66ea64ef84014d3ea9f2f3b62ed3968b9e3,gcc/fortran,"gcc/fortran/interface.cc,gcc/fortran/resolve.cc,gcc/fortran/trans-array.cc,gcc/fortran/trans-expr.cc",method_localizable_gcc
105310,2bc68e34a695530b60caa23dad47b0f42f6fc209,gcc/fortran,gcc/fortran/trans-expr.c,method_localizable_gcc
105440,fed57c8ec95ce3d86e74c5afb73a3a4a499d4ec4,gcc/cp,gcc/cp/constexpr.cc,method_localizable_gcc
105852,72a7710d886fd5b5a2697af4010e6dbbe874fdaf,gcc/cp,"gcc/cp/decl.cc,gcc/cp/pt.cc",method_localizable_gcc
106744,368dbb23c5efaf86b2b18945508d379713c0d12c,gcc/root,gcc/tree-ssa-phiopt.cc,method_localizable_gcc
106762,39acf3c9dd767626b422843adb8f5be06206af08,"gcc/root,gcc/doc","gcc/Makefile.in,gcc/common.opt,gcc/diagnostic-context-rich-location.cc,gcc/diagnostic-context-rich-location.h,gcc/doc/invoke.texi,gcc/gimple-array-bounds.cc,gcc/gimple-array-bounds.h,gcc/gimple-ssa-warn-access.cc,gcc/gimple-ssa-warn-restrict.cc",method_localizable_gcc
107131,0ecd0f1cc6f8f3ba818946a42b22c2ab61f46825,gcc/root,gcc/value-range.cc,method_localizable_gcc
107741,397c56af99e1675fc682606b280e53feafd07be0,gcc/cp,"gcc/cp/cp-tree.h,gcc/cp/decl2.cc,gcc/cp/lambda.cc,gcc/cp/parser.cc",method_localizable_gcc
108309,269ca408e2839d7f3554a91515d73d4d95352f68,gcc/cp,gcc/cp/constexpr.c,method_localizable_gcc
108358,7bb1933c1fcca8cb99132ff5d08b3f3efca4ff07,gcc/root,gcc/tree-ssa-forwprop.cc,method_localizable_gcc
108390,3e791f45ded89626bc1f9f8013728f6e035801b2,gcc/cp,gcc/cp/pt.cc,method_localizable_gcc
108889,13e6f13286e105d9e2898767ad1f4125e13f9514,gcc/fortran,"gcc/fortran/gfortran.h,gcc/fortran/trans-array.cc",method_localizable_gcc
109071,39acf3c9dd767626b422843adb8f5be06206af08,"gcc/root,gcc/doc","gcc/Makefile.in,gcc/common.opt,gcc/diagnostic-context-rich-location.cc,gcc/diagnostic-context-rich-location.h,gcc/doc/invoke.texi,gcc/gimple-array-bounds.cc,gcc/gimple-array-bounds.h,gcc/gimple-ssa-warn-access.cc,gcc/gimple-ssa-warn-restrict.cc",method_localizable_gcc
109345,b6b889309400c39c0d0988c3fb60e3d54f0c1738,gcc/fortran,gcc/fortran/trans-array.cc,method_localizable_gcc
109642,64221c7bffbdd399e49554b0fb08b38325657596,"gcc/cp,gcc/doc","gcc/cp/call.cc,gcc/cp/tree.cc,gcc/doc/extend.texi,gcc/doc/invoke.texi",method_localizable_gcc
109909,8736d6b14a4dfdfb58c80ccd398981b0fb5d00aa,gcc/root,"gcc/ipa-fnsummary.h,gcc/ipa-inline.cc,gcc/ipa-utils.cc",method_localizable_gcc
110199,993c6de642ffeb2867edbe80ff2a72c0a2eb604e,gcc/root,gcc/tree-ssa-scopedtables.cc,method_localizable_gcc
110635,ce3f523f9cb4c20704bc5f41b8fbc34b5b84ed88,gcc/cp,gcc/cp/coroutines.cc,method_localizable_gcc
110872,dbba3c9008e35ba45966945baf816886c5520196,"gcc/cp,gcc/root","gcc/cp/constexpr.cc,gcc/cp/contracts.cc,gcc/cp/contracts.h,gcc/cp/coroutines.cc,gcc/cp/decl.cc,gcc/cp/typeck.cc,gcc/gimplify.cc",method_localizable_gcc
111397,f1e717bd8b043e07e74accff3235d04e6eb719cc,gcc/root,"gcc/tree-ssa-forwprop.cc,gcc/tree-ssa-propagate.cc,gcc/tree-ssa-sccvn.cc",method_localizable_gcc
111471,c75e5f0f852058707d2dc13474212131d9ab51dd,gcc/cp,gcc/cp/cxx-pretty-print.cc,method_localizable_gcc
111873,1ebf3e1c4b93de0e500998d8ad4b3ce5bece37cc,gcc/root,gcc/tree-sra.cc,method_localizable_gcc
112938,37afeec8a635153ccd4e91bd686c93217706894d,gcc/root,gcc/ipa-strub.cc,method_localizable_gcc
113026,8c0dd8a6ff85d6e7b38957f2da400f5cfa8fef6b,gcc/root,"gcc/tree-vect-loop-manip.cc,gcc/tree-vect-loop.cc",method_localizable_gcc
113158,294140d752fc9a3a790497da9f1e968e9849b40f,gcc/cp,gcc/cp/search.cc,method_localizable_gcc
113207,e8b18dc45950f80d74e62ac7b4e3fa51d430d9cc,gcc/root,gcc/ipa-free-lang-data.cc,method_localizable_gcc
113360,5e3646a3cb7a03a368367b7c252b4985c7931f4a,gcc/cp,"gcc/cp/constexpr.cc,gcc/cp/cp-tree.h,gcc/cp/parser.cc,gcc/cp/pt.cc",method_localizable_gcc
113976,854d8fa9d0e1b8ac2e5b21333bb09a7c2e94231d,gcc/cp,gcc/cp/decl.cc,method_localizable_gcc
114115,89a6f6b791f6c745eb649b31765594021de57f6c,gcc/root,"gcc/cgraph.h,gcc/cgraphunit.c,gcc/symtab.c,gcc/tree-profile.c",method_localizable_gcc
114138,4894c82b0c3cf0d6ec4bc1e96709b6140ec11f6e,gcc/cp,"gcc/cp/cp-tree.h,gcc/cp/parser.cc,gcc/cp/pt.cc",method_localizable_gcc
114292,f7dc4fd62ce4d9287988892b1e94bbdd0ca1c8fa,gcc/cp,"gcc/cp/pt.cc,gcc/cp/tree.cc",method_localizable_gcc
114303,c091c673af9e9262b9cdff3a8627f10c5e067b40,gcc/cp,"gcc/cp/constraint.cc,gcc/cp/pt.cc",method_localizable_gcc
114611,a78f34b6d21da299429f2432b309781ad717c596,gcc/fortran,gcc/fortran/io.cc,method_localizable_gcc
114612,61400b669688848dc764d946a4d16fb51a27e286,gcc/fortran,gcc/fortran/trans-array.cc,method_localizable_gcc
114619,4b2726a62ddfe958302d6790725503ac09b28f11,gcc/cp,gcc/cp/init.cc,method_localizable_gcc
114709,2e353c687dbd343ce592c5ec089774b2c699798a,gcc/cp,gcc/cp/constexpr.cc,method_localizable_gcc
114877,08869baff71588e030363047ee73104592687014,gcc/root,gcc/builtins.cc,method_localizable_gcc
114932,4f4722b0722ec343df70e5ec5fd9d5c682ff8149,gcc/root,gcc/tree-ssa-loop-ivopts.cc,method_localizable_gcc
115033,e098149b6b2c61ffe9e758dcd3ef021a78f2d132,gcc/root,gcc/ipa-modref.cc,method_localizable_gcc
115159,1d1ef1c22752b3e250ee769ae6d79f537471a57f,gcc/cp,"gcc/cp/tree.cc,gcc/cp/typeck.cc",method_localizable_gcc
115476,5ff315e398b6a790471029950dd7eef4e168c312,gcc/cp,gcc/cp/semantics.cc,method_localizable_gcc
115568,00210d187018a40c2fddcf46fcc9669d6e8d7c53,gcc/root,gcc/lra-remat.cc,method_localizable_gcc
115842,6f36cc2535c11b9406715836daeb87169fa79473,gcc/config,gcc/config/i386/i386.cc,method_localizable_gcc
115871,ab908fdb911d6a337cd02b6018bc74b3a2f99acf,gcc/root,gcc/omp-simd-clone.cc,method_localizable_gcc
115908,172637cf0d9b7b2798f83b9c5f9598b449675cb0,gcc/cp,gcc/cp/coroutines.cc,method_localizable_gcc
116068,18f6bb9899209ccd41c476254d30596606c81dd7,gcc/root,gcc/cgraphunit.cc,method_localizable_gcc
116276,140aab25a4865433d987d73c57f4ddf11fdac1e2,gcc/cp,"gcc/cp/call.cc,gcc/cp/cp-tree.h,gcc/cp/pt.cc",method_localizable_gcc
116291,98608342932e8951a4c8db3e9df79f9187424d53,gcc/cp,gcc/cp/module.cc,method_localizable_gcc
116418,448750aff5b000fbc79183f3ef316d71a6a1701b,gcc/cp,gcc/cp/tree.cc,method_localizable_gcc
116506,ec716ad3f4bdccb6a2780161e74e3168efa68121,gcc/cp,"gcc/cp/coroutines.cc,gcc/cp/decl.cc",method_localizable_gcc
116545,05e20b78416230f6e6d5939d5920a7d21f18fdb8,"gcc/c-family,gcc/c,gcc/cp,gcc/doc","gcc/c-family/c-attribs.cc,gcc/c/c-parser.cc,gcc/cp/parser.cc,gcc/doc/extend.texi",method_localizable_gcc
116768,567547a89763b583e8b829b81f1db9053c246b96,gcc/root,"gcc/tree-chrec.cc,gcc/tree-data-ref.cc",method_localizable_gcc
116892,61fd6a338de5f8468969ce284a6435ce4e251e3e,gcc/c,gcc/c/c-decl.cc,method_localizable_gcc
116939,b38e3a7196d25bc8bcb1fe55da7663745cea9470,gcc/root,"gcc/gimple-fold.cc,gcc/gimple-fold.h,gcc/tree-if-conv.cc,gcc/tree-scalar-evolution.cc,gcc/tree-ssa-ifcombine.cc,gcc/tree-ssa-loop-im.cc,gcc/tree-ssa-loop-split.cc,gcc/tree-ssa-reassoc.cc",method_localizable_gcc
117114,0675eb17480bada678bf2769d39732027abcd6d0,gcc/cp,"gcc/cp/class.cc,gcc/cp/error.cc",method_localizable_gcc
117178,799ed87bcf6b5bede87311717adac5fb88fd7722,gcc/c,gcc/c/c-typeck.cc,method_localizable_gcc
117230,f616bc412c820d1fe1211ab68873607d7bfe2709,gcc/c-family,gcc/c-family/c-warn.cc,method_localizable_gcc
117239,65724317b26eb16a3cd7279aacd68f4c85b355c0,gcc/root,gcc/cselib.cc,method_localizable_gcc
117317,fbb6b0a7d87d41c3fed927c136e4f6da3095a9cb,gcc/cp,gcc/cp/semantics.cc,method_localizable_gcc
117825,11919b5ac5e5b3c00fda2e2f0b8ce4d53f78691d,gcc/cp,gcc/cp/typeck.cc,method_localizable_gcc
117892,5a48079c15fda4863b02eb253e473c57a5105528,gcc/root,gcc/tree-ssa-dse.cc,method_localizable_gcc
117938,92ad6d4ebfe5454b9299f295926517bd453bc4a2,gcc/root,gcc/rtlanal.cc,method_localizable_gcc
117965,ec5349c37afe972ee79b777ee749630b1a0a007e,gcc/root,gcc/tree-ssa-phiprop.cc,method_localizable_gcc
118006,6069f02a486054484ad638b083cb3b9486bb4321,gcc/root,gcc/cfgexpand.cc,method_localizable_gcc
118053,a72e782528749bf553158039783ce79fa760e3a4,gcc/cp,gcc/cp/constexpr.cc,method_localizable_gcc
118097,6ed1b40268ed56c82ea75e7403ded7750d01c85a,gcc/root,gcc/ipa-cp.cc,method_localizable_gcc
118104,57d1424efe934caeda222174a3e8bbc1e5ba65f4,gcc/cp,gcc/cp/pt.cc,method_localizable_gcc
118139,9cc31b4e07aab75fcbc81b3a9bcaaa21d2c3bdb2,gcc/cp,gcc/cp/cxx-pretty-print.cc,method_localizable_gcc
118169,84e90b69fba1cfa2a77942251ddfd0527fb22811,gcc/cp,gcc/cp/typeck2.cc,method_localizable_gcc
118224,459816efa13d9d553a5c900336f6eef22072f1a1,gcc/root,gcc/tree-ssa-dce.cc,method_localizable_gcc
118243,a73bad74dbb470db3bdd0ee80441285006e6cdb3,gcc/root,gcc/ipa-sra.cc,method_localizable_gcc
118266,659b70b3f86ae7dc5be6cc6f53741c2ee9c290ff,gcc/root,gcc/ree.cc,method_localizable_gcc
118269,42b24557bdf805d2913d3c75531fe441b1634332,gcc/root,gcc/tree-vect-loop.cc,method_localizable_gcc
118270,f1056463cb4c7950fc1bada6485c14df71ea3dd7,gcc/config,"gcc/config/i386/avx10_2-512satcvtintrin.h,gcc/config/i386/avx10_2satcvtintrin.h,gcc/config/i386/i386-builtin.def,gcc/config/i386/sse.md",method_localizable_gcc
118285,ba488a332ad171eff17c1f135c111c5730f4ce25,gcc/cp,gcc/cp/constexpr.cc,method_localizable_gcc
118355,fce1365349ee30f5f93d210f4d62a9bf2f2b57bc,gcc/cp,gcc/cp/typeck2.cc,method_localizable_gcc
118390,4ce502f31f95ec19e7d347d43afcd015895f135d,gcc/cp,"gcc/cp/call.cc,gcc/cp/cp-tree.h,gcc/cp/pt.cc",method_localizable_gcc
118569,eb0b551c5570d98dd7cf21fa1bd0240a0c9d875f,gcc/root,gcc/cfgloopmanip.cc,method_localizable_gcc
118582,9ddf4a6cc650360e620c8fd97f550bf833cc177a,gcc/cp,gcc/cp/module.cc,method_localizable_gcc
118643,04ba1300407f106a6dd10d346f58a51d87e6d43e,gcc/root,gcc/expr.cc,method_localizable_gcc
118653,62ae21874e231b9fd01733627414fd8e4f561aa9,gcc/root,gcc/tree-vect-loop.cc,method_localizable_gcc
118684,50c37516958319e10a137d2b3dba7b070523248a,gcc/root,gcc/expr.cc,method_localizable_gcc
118713,cf24c0fa53870da6e666a97b79c4b053317c4951,gcc/config,"gcc/config/i386/constraints.md,gcc/config/i386/i386-expand.cc,gcc/config/i386/i386-protos.h,gcc/config/i386/i386.cc,gcc/config/i386/i386.md,gcc/config/i386/predicates.md",method_localizable_gcc
118787,4856292f7a680ec478e7607f1b71781996d7d542,gcc/cp,gcc/cp/pt.cc,method_localizable_gcc
118796,fc749717001436d49ed34aec6b034670f5a3fbcd,gcc/fortran,gcc/fortran/resolve.cc,method_localizable_gcc
118833,7db94370a74481ad1db1f0a4dc4aa45fa464a02a,"gcc/c-family,gcc/cp,gcc/root","gcc/c-family/c-common.h,gcc/c-family/c-gimplify.cc,gcc/cp/constexpr.cc,gcc/cp/semantics.cc,gcc/tree-iterator.cc,gcc/tree-iterator.h",method_localizable_gcc
118856,c612c500de3804b330090fe478b5e055944ff8b2,gcc/cp,gcc/cp/constexpr.cc,method_localizable_gcc
118860,e333ad4ed82cdfb1b660e9666895641ef3ffaddb,gcc/root,"gcc/input.cc,gcc/input.h,gcc/toplev.cc",method_localizable_gcc
118903,ad8c618993682a02b758257e21647de28047c880,gcc/cp,gcc/cp/constexpr.cc,method_localizable_gcc
118904,48a9567e4100fd6a734089087c139d51b63b7531,"gcc/cp,gcc/root","gcc/cp/cp-gimplify.cc,gcc/cp/module.cc,gcc/tree.cc,gcc/tree.h,gcc/ubsan.cc",method_localizable_gcc
118915,9a80e4f0dd2d0c72d9871014f745c85b6dd53889,gcc/root,gcc/tree-ssa-reassoc.cc,method_localizable_gcc
118923,90b735b397c21688d95f1bbb42fba8ad3e17b30e,gcc/cp,"gcc/cp/decl.cc,gcc/cp/method.cc,gcc/cp/tree.cc,gcc/cp/typeck.cc",method_localizable_gcc
118947,94f275432f7ea4781ec7c05fa9d1d81ef6cb3fc1,gcc/root,gcc/gimple-fold.cc,method_localizable_gcc
118961,8ad8f74972923baaaaf2b6d6291d31ef53c4ded4,gcc/cp,"gcc/cp/class.cc,gcc/cp/cp-tree.h,gcc/cp/module.cc,gcc/cp/pt.cc",method_localizable_gcc
118965,17ed44c96f6e5c0cc02d8cb29ff5943dd30ab3c1,"gcc/c,gcc/cp,gcc/fortran","gcc/c/c-parser.cc,gcc/cp/parser.cc,gcc/fortran/openmp.cc",method_localizable_gcc
119038,df9c10d18b5b1323efb5f7823c31a259859d87a4,gcc/cp,gcc/cp/lambda.cc,method_localizable_gcc
119057,f22e89167b3abfbf6d67f42fc4d689d8ffdc1810,gcc/root,gcc/tree-vect-loop.cc,method_localizable_gcc
119067,43c11931acc50f3a44efb485b03e6a8d44df97e0,gcc/root,gcc/ipa-devirt.cc,method_localizable_gcc
119076,2fa031afe4ea78f490f06e487c48089d7376827c,gcc/cp,gcc/cp/module.cc,method_localizable_gcc
119154,96492302a23c945d35fe1c83062da6f22c4f7b72,gcc/cp,"gcc/cp/decl2.cc,gcc/cp/module.cc",method_localizable_gcc
119291,0027f96a361fa8636a52b0766c03dd74ac76f4c0,gcc/root,gcc/combine.cc,method_localizable_gcc
119319,aa9d3f17ff359ecad729a9436adbbf644aab2426,gcc/root,gcc/tree-cfg.cc,method_localizable_gcc
119338,a03e9d4932713c1696bb2bc134da8e8eac3edb94,gcc/fortran,gcc/fortran/resolve.cc,method_localizable_gcc
119345,e13143ab02172adf7b9a4a848c5c17f62579b9cf,gcc/cp,gcc/cp/pt.cc,method_localizable_gcc
119349,de725a153f8968713d0edbd43ebcc4168ebabc62,gcc/fortran,gcc/fortran/trans-expr.cc,method_localizable_gcc
119350,12b2c414b6d0e0d1b3d328b58d654c19c30bee8c,gcc/c,gcc/c/c-typeck.cc,method_localizable_gcc
119366,7ecf468c9a30b5a6da86812b912fe3368437c8b9,gcc/root,"gcc/diagnostic-format-sarif.cc,gcc/diagnostic.cc,gcc/diagnostic.h,gcc/gcc-urlifier.cc,gcc/gcc-urlifier.h,gcc/gcc.cc,gcc/toplev.cc",method_localizable_gcc
119378,fd9d35f68eabb7cdb250fde1d1ce2010384182a4,gcc/cp,gcc/cp/pt.cc,method_localizable_gcc
119462,6602fc076a883cf0cd20a37655a6bd9c146a2770,gcc/cp,gcc/cp/module.cc,method_localizable_gcc
119483,c95f5a0c0719ad5b23f605b4d8f8dd3689a0066b,gcc/root,"gcc/calls.cc,gcc/tree-tailcall.cc",method_localizable_gcc
119551,25db5966e9cc649deb85df4d89e6cad95f523f6d,gcc/cp,gcc/cp/module.cc,method_localizable_gcc
119586,e7912d4a81cf34e05c7ded70910069b691a8bb15,gcc/root,gcc/tree-vect-stmts.cc,method_localizable_gcc
119608,f4a3ae1ef5ec951f007c4bd530f30e44945c5f0d,gcc/cp,gcc/cp/module.cc,method_localizable_gcc
119612,0f77d88fdf797842ac0134a4013b4227dd5a658f,gcc/c,"gcc/c/c-decl.cc,gcc/c/c-tree.h,gcc/c/c-typeck.cc",method_localizable_gcc
119616,77e0c0df0907657a7d72bbba9e6329d93ec65edb,gcc/root,gcc/tree-tailcall.cc,method_localizable_gcc
119712,c9d4d3ba15c55e108f5f9a28d2609a698634a5db,gcc/root,"gcc/value-range.cc,gcc/value-range.h",method_localizable_gcc
119717,99835bd68e5360b0b3c8ad9c61ea23f70ad3dce6,gcc/c,gcc/c/c-typeck.cc,method_localizable_gcc
119795,8166458f19846fb795e31d5cf2475e0bade9f546,gcc/root,gcc/avoid-store-forwarding.cc,method_localizable_gcc
119903,e4fb1b435a65f505b0172b4f0213483c3a07adbf,gcc/root,gcc/gimple-fold.cc,method_localizable_gcc
119920,fbc849d9c3872a05a308724f4009c18685b5af9c,gcc/root,gcc/tree-if-conv.cc,method_localizable_gcc
119948,cb3c5b7d15cdb9373d102e7045c0823526a9c660,gcc/fortran,"gcc/fortran/primary.cc,gcc/fortran/resolve.cc",method_localizable_gcc
119981,fd9d35f68eabb7cdb250fde1d1ce2010384182a4,gcc/cp,gcc/cp/pt.cc,method_localizable_gcc
120006,b36014e10c95d3ada1dcdf4695626af90fba0a99,gcc/root,gcc/tree-ssa-structalias.cc,method_localizable_gcc
120013,3ba1b0ac7ccbe7b01811302dc1d50dcdbd7dc2ac,gcc/cp,gcc/cp/module.cc,method_localizable_gcc
120032,c6eb92973ea308e248ce23927a9ac58ef81ee7a2,gcc/root,gcc/tree-ssa-forwprop.cc,method_localizable_gcc
120048,fcc74146e3e0bfd30f9ccc12359991d73fe928f9,gcc/root,gcc/ipa-cp.cc,method_localizable_gcc
120152,a2a956cf26e645bfddbc0b743b97472e298c7a8c,gcc/fortran,"gcc/fortran/check.cc,gcc/fortran/gfortran.texi,gcc/fortran/trans-intrinsic.cc",method_localizable_gcc
120195,82e4932623e57ded0f9303621fe329ee5aaba508,gcc/cp,gcc/cp/name-lookup.cc,method_localizable_gcc
120231,6fb88ff622ca2d12229870e9b0b3781bb930d2ad,gcc/root,"gcc/range-op-float.cc,gcc/range-op-mixed.h,gcc/range-op.cc,gcc/range-op.h",method_localizable_gcc
120277,022d8e25e49021b378a4e6c24c2f0c380a066690,gcc/root,gcc/range-op-ptr.cc,method_localizable_gcc
120499,a2a13afec5a7cac278643d4ea1f572efdbae0fcc,gcc/cp,gcc/cp/method.cc,method_localizable_gcc
120502,d96603a48d338a92b78628016d00cbf11576621e,gcc/cp,"gcc/cp/constexpr.cc,gcc/cp/cp-gimplify.cc",method_localizable_gcc
120660,689ee39f7bbb632a9ca7d1dc18192bd1921e54a8,gcc/root,gcc/avoid-store-forwarding.cc,method_localizable_gcc
120677,a63b97e918b8592d0f6af94c5355efc82a49e06d,gcc/root,gcc/gimple-crc-optimization.cc,method_localizable_gcc
120716,e9549b5ee8496af12bac3ebfa3ec0aa8487fb725,gcc/cp,gcc/cp/lambda.cc,method_localizable_gcc
120743,ed7fc2b29ead88be30b40ec2c3c51495200b08c4,gcc/fortran,gcc/fortran/trans-expr.cc,method_localizable_gcc
120748,dc90649466a54ab61926d88500a05f59a55cb055,gcc/cp,"gcc/cp/lambda.cc,gcc/cp/parser.cc",method_localizable_gcc
120776,5fedaa2347939dcad24581608520067ec6560758,"gcc/c-family,gcc/cp","gcc/c-family/c-cppbuiltin.cc,gcc/cp/call.cc,gcc/cp/constexpr.cc,gcc/cp/cp-objcp-common.cc,gcc/cp/cp-tree.def,gcc/cp/cp-tree.h,gcc/cp/cxx-pretty-print.cc,gcc/cp/decl.cc,gcc/cp/decl2.cc,gcc/cp/error.cc,gcc/cp/name-lookup.cc,gcc/cp/name-lookup.h,gcc/cp/parser.cc,gcc/cp/parser.h,gcc/cp/pt.cc,gcc/cp/semantics.cc",method_localizable_gcc
120778,48787c734ee647cb99abb1e95d937f1ba66e78d0,"gcc/c-family,gcc/c,gcc/cp,gcc/doc","gcc/c-family/c-common.h,gcc/c-family/c-opts.cc,gcc/c-family/c.opt,gcc/c-family/c.opt.urls,gcc/c/c-decl.cc,gcc/cp/lex.cc,gcc/doc/invoke.texi",method_localizable_gcc
120830,f9a6efa7a71e80a0989ac91fb7f282468471bb46,gcc/config,gcc/config/i386/i386-features.cc,method_localizable_gcc
120908,536ed87cfb3a1453730411f217fa119b87ffaf90,gcc/config,"gcc/config/i386/i386.cc,gcc/config/i386/i386.md",method_localizable_gcc
120941,10075fb355daaebf8ccabb8932c3400b2efd6101,gcc/config,gcc/config/i386/i386-features.cc,method_localizable_gcc
120951,5c2dc85c1923af118a9ec9657dc969fd3d95498a,gcc/root,gcc/tree-call-cdce.cc,method_localizable_gcc
121012,131ba6137bca263d7381ad3331840ee05e306fc9,gcc/cp,gcc/cp/parser.cc,method_localizable_gcc
121035,f0a86bbc82a51a9c3b419c176f6ab45d6d513401,gcc/root,gcc/tree-ssa-pre.cc,method_localizable_gcc
121116,7c3081960922d9bd3ea81a9f8ca6e00c23170a2b,gcc/root,gcc/tree-vect-loop.cc,method_localizable_gcc
121202,efce571b152ac9f5bdbd6821dd537a93e36c1b73,gcc/root,gcc/tree-vect-slp.cc,method_localizable_gcc
121216,2fda72d1315b72e9d43b05da2f260e5c59aaad41,gcc/root,gcc/expr.cc,method_localizable_gcc
121236,5760ddbce26ff9c5c8851b6b2089ad65981d5078,gcc/root,gcc/tree-if-conv.cc,method_localizable_gcc
121303,102179f11d35705f384817d7edec32bbda22b2b7,gcc/root,gcc/avoid-store-forwarding.cc,method_localizable_gcc
121410,59236d56eec6854e261dbf16963d5ee9e03bf7d5,gcc/config,gcc/config/i386/i386-expand.cc,method_localizable_gcc
121553,6747672747cd86f75519f814816b7f83ddaedcc2,gcc/cp,gcc/cp/name-lookup.cc,method_localizable_gcc
121575,fa03e49399a8b202b7d6700604c8fbe5ee33474f,gcc/cp,gcc/cp/pt.cc,method_localizable_gcc
121583,cc85998ba7984e43c1d89d47dfbfc219c142fddf,gcc/cp,gcc/cp/semantics.cc,method_localizable_gcc
121686,18d44963e0343e1ad09fcd65ffecffb8d87c487d,gcc/root,gcc/tree-vect-slp.cc,method_localizable_gcc
13962,a9251ab3c91c8c559d0306838575a666ae62dff4,gcc/root,"gcc/gimple-pretty-print.cc,gcc/tree-ssa-alias.cc,gcc/tree-ssa-alias.h,gcc/tree-ssa-structalias.cc",method_localizable_gcc
40317,2dd4eb15b63ca1f20a637e8b26567d5064a43a4f,gcc/root,gcc/tree-nested.cc,method_localizable_gcc
47485,f2a8f3c364a0d196efb0687ea421190b46d041d5,gcc/fortran,gcc/fortran/cpp.cc,method_localizable_gcc
53220,3d104d93a7011146b0870ab160613147adb8d9b3,"gcc/c,gcc/cp","gcc/c/c-typeck.cc,gcc/cp/call.cc,gcc/cp/typeck.cc",method_localizable_gcc
58416,af0d2d95a5f767d92bd64f959679fb4612247b0b,gcc/root,gcc/tree-sra.cc,method_localizable_gcc
60336,0e65fef8717f404cf9c85bff51bf87d534f87828,gcc/config,gcc/config/i386/i386.cc,method_localizable_gcc
60440,aa55a6a30bc4778938af42dac9b624cf67fa4698,gcc/c,gcc/c/c-typeck.cc,method_localizable_gcc
64266,964f78b7e75a4dd4c5c68cec0858270fbfc1d37b,gcc/cp,"gcc/cp/ChangeLog,gcc/cp/cp-tree.h,gcc/cp/decl.c,gcc/cp/lambda.c,gcc/cp/pt.c",method_localizable_gcc
67196,70b2e511fe4a55a0c3fc7538c86c8851babd585f,gcc/root,gcc/gimple-predicate-analysis.cc,method_localizable_gcc
69482,d5acaa088e9da95d3f99c12e2d8c80bc8403f9e5,gcc/root,gcc/cfgexpand.cc,method_localizable_gcc
71093,e0659b5417b7f8a090ad2ed4dea830f11ef9c877,gcc/cp,gcc/cp/constexpr.cc,method_localizable_gcc
71884,2619413a5e032e2f2c3d4a2202ba8bf324cf08ab,gcc/fortran,gcc/fortran/resolve.cc,method_localizable_gcc
79958,bff532827515b23335e315141e37475a142c6932,gcc/root,gcc/tree-ssa-dse.cc,method_localizable_gcc
81376,67aeaded2f8dabe16b4879261c6b6ddda6b53cd2,gcc/root,"gcc/ChangeLog,gcc/match.pd,gcc/real.c,gcc/real.h",method_localizable_gcc
83144,5bb1e518b4a5b772665a22cc27245ece5bf82750,gcc/cp,"gcc/cp/constexpr.c,gcc/cp/typeck2.c",method_localizable_gcc
83469,57da36bed1004d2b78057568176b76cb0a50d149,gcc/cp,"gcc/cp/cp-tree.h,gcc/cp/decl.cc,gcc/cp/error.cc,gcc/cp/module.cc,gcc/cp/parser.cc,gcc/cp/pt.cc",method_localizable_gcc
84868,ab84a8a4b78990942e006e9f060dc2705f2c6d8f,gcc/fortran,"gcc/fortran/simplify.cc,gcc/fortran/trans-expr.cc",method_localizable_gcc
86933,4c743798b1d4530b327dad7c606c610f3811fdbf,gcc/cp,gcc/cp/pt.cc,method_localizable_gcc
87185,b13bb5045c5010f38169b9786819a024f64fb59d,gcc/cp,gcc/cp/lambda.cc,method_localizable_gcc
87326,621fe931be1e0220854e4d3c49cf2ce05cf735f7,gcc/fortran,"gcc/fortran/check.cc,gcc/fortran/gfortran.texi,gcc/fortran/intrinsic.cc,gcc/fortran/intrinsic.h,gcc/fortran/intrinsic.texi,gcc/fortran/iresolve.cc,gcc/fortran/simplify.cc,gcc/fortran/trans-decl.cc,gcc/fortran/trans-expr.cc,gcc/fortran/trans-intrinsic.cc",method_localizable_gcc
88254,1be1970f97d05a07851cd826132fcf466827ebe5,gcc/fortran,"gcc/fortran/coarray.cc,gcc/fortran/decl.cc,gcc/fortran/dump-parse-tree.cc,gcc/fortran/frontend-passes.cc,gcc/fortran/gfortran.texi,gcc/fortran/intrinsic.texi,gcc/fortran/iso-fortran-env.def,gcc/fortran/match.cc,gcc/fortran/parse.cc,gcc/fortran/parse.h,gcc/fortran/resolve.cc,gcc/fortran/trans-decl.cc,gcc/fortran/trans-expr.cc,gcc/fortran/trans-intrinsic.cc,gcc/fortran/trans-stmt.cc",method_localizable_gcc
88688,caf0892eea67349d9a1e44590c3440768136fe2b,gcc/fortran,"gcc/fortran/decl.cc,gcc/fortran/expr.cc,gcc/fortran/gfortran.h,gcc/fortran/match.cc,gcc/fortran/resolve.cc,gcc/fortran/trans-decl.cc,gcc/fortran/trans-stmt.cc",method_localizable_gcc
88960,8f4ee36bd5248cd244f65282167e3a13a3c98bc2,gcc/fortran,"gcc/fortran/check.cc,gcc/fortran/expr.cc,gcc/fortran/gfortran.texi,gcc/fortran/intrinsic.cc,gcc/fortran/intrinsic.h,gcc/fortran/intrinsic.texi,gcc/fortran/iresolve.cc,gcc/fortran/iso-fortran-env.def,gcc/fortran/libgfortran.h,gcc/fortran/simplify.cc,gcc/fortran/trans-decl.cc,gcc/fortran/trans-intrinsic.cc",method_localizable_gcc
89606,7bb1933c1fcca8cb99132ff5d08b3f3efca4ff07,gcc/root,gcc/tree-ssa-forwprop.cc,method_localizable_gcc
92969,4c743798b1d4530b327dad7c606c610f3811fdbf,gcc/cp,gcc/cp/pt.cc,method_localizable_gcc
93330,79e0dbf1c44fc23d870b8a08ad3562454efea015,gcc/fortran,gcc/fortran/interface.cc,method_localizable_gcc
93437,7d112d6670a0e0e662f8a7e64c33686e475832c8,gcc/root,"gcc/ChangeLog,gcc/builtins.c,gcc/gimple-ssa-warn-restrict.c,gcc/tree-ssa-strlen.c,gcc/tree.c,gcc/tree.h",method_localizable_gcc
94109,eb99c92ee882b112f99f09921e55b988061bfbe8,gcc/fortran,"gcc/fortran/class.c,gcc/fortran/gfortran.h,gcc/fortran/symbol.c",method_localizable_gcc
94962,8b449dcd84334068c769a2f427812dadb95e61de,gcc/config,"gcc/config/i386/constraints.md,gcc/config/i386/i386.cc,gcc/config/i386/predicates.md,gcc/config/i386/sse.md",method_localizable_gcc
98454,f644e21ee364405213a8609bbd8371c27fdb69d9,gcc/fortran,gcc/fortran/resolve.cc,method_localizable_gcc
98533,0ba3e5ff14a48f1fb7ca53cb86194e08d5b5da66,gcc/cp,gcc/cp/parser.cc,method_localizable_gcc
99619,3dfdc0d1e1c4e00a77f2afc41d577c1b36cb4702,gcc/root,"gcc/ipa-visibility.cc,gcc/varasm.cc",method_localizable_gcc
